Size,Raspberry,NodeMCU
32,4,264.270854
64,4,165.9682592
128,5,415.5790806
256,5,236.9256099
512,5,118.2804823
1024,6,180.3279559
2048,7,120.0571775